genero;nome;endereco;cidade;estado;email;Username;Password;TelephoneNumber;MothersMaiden;Birthday;CCType;CCNumber;CVV2;CCExpires;NationalID
F;Marina Fernandes;Rua Serra Bau 1823;Goiânia;GO;MarinaPereiraFernandes@gustr.com;Crad1966;Gou5noot8ae;(62) 2663-3472;Azevedo;07/10/1966;MasterCard;5,54E+15;734;nov/20;768.799.661-52
F;Melissa Souza;Praça Machado de Assis 531;Aparecida de Goiânia;GO;MelissaSousaSouza@dayrep.com;Unation;WahshiP0iequ;(62) 9209-3720;Rocha;01/04/1978;MasterCard;5,47E+15;756;abr/19;102.545.374-30
M;Kaua Oliveira;Rua Professor Fenelon Pinheiro Câmara 1808;João Pessoa;PB;KauaSouzaOliveira@teleworm.us;Stine1937;Oduotoh5ei;(83) 7739-7577;Pereira;05/12/1937;MasterCard;5,59E+15;967;mai/18;634.387.608-19
M;Daniel Barros;Rua Frei Henrique de Coimbra 78;Cascavel;PR;DanielMartinsBarros@dayrep.com;Hisheight;Powahl5mah;(45) 6264-2599;Almeida;09/08/1994;Visa;4,49E+15;711;jul/22;532.613.746-16
F;Gabriela Melo;Rua Benedito Camilo dos Santos 381;Guaratinguetá;SP;GabrielaCardosoMelo@teleworm.us;Troms1995;Aic2zaedoh;(12) 4019-8595;Rocha;07/09/1995;Visa;4,49E+15;544;jan/20;422.244.345-02
F;Rebeca Cunha;Rua JM - 010 1202;Brusque;SC;RebecaRibeiroCunha@einrot.com;Thenting;Saiphaiy1oo;(47) 5695-6549;Pinto;4/19/1962;MasterCard;5,11E+15;30;mar/18;769.093.609-15
F;Luiza Cunha;Rua Lauro Corona 490;Cariacica;ES;LuizaRodriguesCunha@fleckens.hu;Arecow;Ooh3ein6bae;(27) 4697-3333;Sousa;5/27/1995;MasterCard;5,15E+15;942;fev/19;871.360.251-92
F;Beatriz Pereira;Rua Benedito Murollo 383;Itatiba;SP;BeatrizLimaPereira@einrot.com;Lowitood;meeShoh2Ide;(11) 3222-7299;Gomes;3/14/1954;MasterCard;5,43E+15;673;jun/22;629.323.323-92
M;Alex Gomes;Avenida Três 55;Betim;MG;AlexRibeiroGomes@fleckens.hu;Legreasing;quooTh8oo;(31) 2269-2552;Pereira;01/05/1993;MasterCard;5,17E+15;437;nov/20;205.368.240-02
M;Rafael Pinto;Avenida Rezende 922;Goiânia;GO;RafaelLimaPinto@dayrep.com;Pooks1990;AeBaPh0ei;(62) 4813-3024;Sousa;8/24/1990;Visa;4,54E+15;571;out/19;783.374.395-05
M;Bruno Rocha;Rua São Tiago 1057;Japeri;RJ;BrunoMartinsRocha@jourrapide.com;Forrawford;nooDieg1;(21) 8235-5214;Silva;7/13/1964;MasterCard;5,45E+15;276;nov/18;763.648.831-09
F;Leonor Melo;Rua Capitão João Gonçalves da Luz 717;Olinda;PE;LeonorSousaMelo@superrito.com;Hiltat;fuphe3Quofim;(81) 3640-6615;Sousa;10/24/1964;MasterCard;5,48E+15;261;dez/22;487.005.471-07
M;Caio Correia;Rua Itambaracás 1011;Cambé;PR;CaioAraujoCorreia@cuvox.de;Theine;eiquu6ooM9ie;(43) 6283-2487;Azevedo;10/20/1956;Visa;4,72E+15;158;abr/20;154.484.214-74
M;Otávio Alves;Rua do Carvalho 1493;Campo Grande;MS;OtavioCunhaAlves@dayrep.com;Horer1950;aeTe0odie;(67) 7456-5766;Ribeiro;11/16/1950;Visa;4,92E+15;414;out/22;666.183.467-62
M;Breno Pinto;Avenida dos Andradas 53;Belo Horizonte;MG;BrenoOliveiraPinto@fleckens.hu;Esombeed;Bie4efahzei;(31) 3100-2537;Lima;04/10/1939;MasterCard;5,56E+15;776;jun/18;590.347.768-24
M;Diogo Cardoso;Rua Filomena Ana Rita 246;Franca;SP;DiogoSouzaCardoso@dayrep.com;Theards;phoo0Ohy9Ei;(16) 5323-4594;Ferreira;1/21/1975;MasterCard;5,21E+15;5;mar/19;233.805.397-40
M;Danilo Lima;Rua Estreita do Rosário 1148;Olinda;PE;DaniloFerreiraLima@cuvox.de;Strapead;Feingiev9;(81) 4477-7070;Correia;04/09/1978;Visa;4,56E+15;277;abr/18;405.777.926-44
M;Rodrigo Santos;2ª Travessa Joel de Holanda Cavalcante 991;Arcoverde;PE;RodrigoCostaSantos@superrito.com;Sinexpond;Aeh6nix3ee;(87) 5412-3174;Araujo;12/30/1975;Visa;4,49E+15;881;mai/22;184.911.978-34
F;Nicole Carvalho;Travessa Marieta 1534;Santo André;SP;NicoleAlmeidaCarvalho@jourrapide.com;Froddly;eCahk5Toh;(11) 6389-9541;Silva;11/03/1959;Visa;4,54E+15;298;mai/19;442.097.070-74
F;Lara Barbosa;Rua Ângelo Longobardi 1693;Bragança Paulista;SP;LaraCarvalhoBarbosa@einrot.com;Lading;thu9saeB;(11) 8176-4048;Silva;03/06/1977;Visa;4,92E+15;447;ago/18;642.160.933-37
M;Antônio Ribeiro;Rua Tancredo Neves 678;São Roque;SP;AntonioBarrosRibeiro@cuvox.de;Tharty;Fu7gohkai8ai;(11) 6806-5630;Santos;6/16/1971;MasterCard;5,12E+15;40;dez/22;178.041.041-70
F;Leila Sousa;Rua Tiradentes 1301;Sapucaia do Sul;RS;LeilaGomesSousa@dayrep.com;Antithint;ieraeS9ie;(51) 8249-5396;Cunha;2/17/1972;MasterCard;5,18E+15;922;ago/20;833.527.811-33
M;Marcos Correia;Rua Capitão José Rodrigues da Silva 491;Itapecerica da Serra;SP;MarcosOliveiraCorreia@einrot.com;Trapprid1985;ioPiJeJae0;(11) 8702-9379;Castro;1/24/1985;Visa;4,72E+15;992;mar/18;549.198.563-50
F;Isabela Correia;Rua Professor Francisco Figueiredo 1011;Gravatá;PE;IsabelaRochaCorreia@cuvox.de;Panytherry34;fee9Feeph;(81) 2728-8787;Lima;9/18/1934;MasterCard;5,41E+15;557;abr/22;116.214.686-90
M;Thiago Barbosa;Rua Hortolândia 1915;Rio de Janeiro;RJ;ThiagoFernandesBarbosa@armyspy.com;Mort1936;Eeyaphoo2Z;(21) 2539-8973;Pinto;9/20/1936;Visa;4,53E+15;149;jul/22;572.043.968-47
F;Ágatha Goncalves;Praça Doze de Outubro 1772;Sorocaba;SP;AgathaAzevedoGoncalves@jourrapide.com;Ablared;oonie7Dae2u;(15) 6128-2951;Sousa;4/27/1984;Visa;4,93E+15;847;jul/19;995.975.901-66
M;Victor Araujo;Avenida dos Bandeirantes 1455;São Paulo;SP;VictorMartinsAraujo@cuvox.de;Sieneat;auVah1Aexib;(11) 8011-9975;Martins;11/15/1947;MasterCard;5,57E+15;66;nov/21;481.218.992-65
M;Igor Dias;Rua 2 1575;Fortaleza;CE;IgorOliveiraDias@jourrapide.com;Inglan;haeco6faPh2;(85) 4999-3299;Carvalho;03/04/1979;Visa;4,93E+15;847;nov/18;232.832.770-28
M;Felipe Martins;Rua Guido Arbelli 1123;Guarulhos;SP;FelipeCostaMartins@fleckens.hu;Whemploss;gahXeegh4zo;(11) 4115-3431;Santos;8/14/1956;MasterCard;5,34E+15;261;out/19;827.495.827-68
M;Luan Dias;Praça Etelvina Inácio 570;Lins;SP;LuanPintoDias@gustr.com;Whoove;pik3thiRei;(19) 2649-3640;Cunha;03/12/1986;Visa;4,54E+15;713;mai/22;492.708.615-11
F;Larissa Barros;Rua das Violetas 949;Valinhos;SP;LarissaCarvalhoBarros@jourrapide.com;Hong1941;eeh2Ooshi2;(19) 5537-4306;Goncalves;4/22/1941;MasterCard;5,10E+15;349;jul/18;710.471.323-97
F;Isabella Rodrigues;Rua do Imperio 1666;Barra Mansa;RJ;IsabellaPintoRodrigues@cuvox.de;Vuld1933;yeip0Jaeb9che;(24) 5334-6136;Castro;06/03/1933;Visa;4,92E+15;506;mai/18;118.007.011-95
F;Bianca Santos;Rua Francisco Prado 1744;Rio de Janeiro;RJ;BiancaCostaSantos@cuvox.de;Fooked1977;vona5Oogh;(21) 6252-6631;Martins;12/30/1977;Visa;4,54E+15;608;set/22;529.510.030-80
F;Lara Rocha;Beco da Caixinha 628;Belo Horizonte;MG;LaraSantosRocha@dayrep.com;Lailes;Eicohqu3eiS;(31) 5489-4465;Lima;08/02/1944;MasterCard;5,38E+15;624;dez/20;291.192.537-88
F;Larissa Pinto;Rua Dom Francisco de Souza 1505;Mogi das Cruzes;SP;LarissaCostaPinto@einrot.com;Cauns1964;Keis7Eagh;(11) 9244-6428;Gomes;11/08/1964;MasterCard;5,46E+15;933;jul/18;786.449.429-30
M;José Ribeiro;Rua Euclides Fernandes 445;Camaragibe;PE;JoseLimaRibeiro@armyspy.com;Farnews;booGh5hot;(81) 8325-2441;Pinto;02/05/1966;Visa;4,49E+15;259;set/19;458.146.446-30
M;José Lima;Praça Haroldo de Azevedo 504;Itapecerica da Serra;SP;JoseAlvesLima@cuvox.de;Therese;cai2cei6Ae;(11) 9848-7086;Martins;08/06/1993;Visa;4,49E+15;978;jul/22;478.026.202-01
M;Vinícius Alves;Rua Nove 841;Uberaba;MG;ViniciusCorreiaAlves@rhyta.com;Harioned;ahC1eoraoz;(34) 9157-7096;Araujo;1/13/1992;MasterCard;5,41E+15;214;abr/21;824.330.941-19
M;Cauã Alves;Rua Cancroma 131;Arapongas;PR;CauaGoncalvesAlves@superrito.com;Spong1989;Lip4hugoo8w;(43) 4272-6760;Martins;1/28/1989;MasterCard;5,19E+15;142;abr/22;999.264.456-75
F;Maria Correia;Estrada João Paulo 1172;Rio de Janeiro;RJ;MariaCavalcantiCorreia@einrot.com;Thavy1971;Yair9quaiK;(21) 3433-5183;Correia;7/25/1971;MasterCard;5,41E+15;741;fev/22;629.274.873-16
M;Luís Costa;Rua Francisco Alves 529;Londrina;PR;LuisPintoCosta@dayrep.com;Seellarelp;le5Tax5ei;(43) 8184-8375;Lima;4/29/1951;Visa;4,92E+15;635;fev/22;319.684.282-75
M;Igor Fernandes;Rua Maçarico-pintado 1110;Arapongas;PR;IgorAraujoFernandes@jourrapide.com;Youseliked;queL5Jeok6;(43) 2671-8438;Ferreira;2/21/1958;Visa;4,72E+15;747;mar/21;369.394.092-46
M;Vinícius Goncalves;Rua Dona Bela 857;Fortaleza;CE;ViniciusOliveiraGoncalves@fleckens.hu;Wassfilleach76;vees7Quae;(85) 4704-5963;Dias;12/04/1976;Visa;4,53E+15;784;jan/21;586.225.592-38
F;Aline Alves;Quadra Quadra 2 Conjunto C-07 1841;Sobradinho;DF;AlineCorreiaAlves@einrot.com;Dumbet;Thu7Vugi0ae;(61) 7963-7052;Rocha;05/02/1966;Visa;4,49E+15;662;fev/21;715.494.877-95
F;Marina Oliveira;Rua Inglaterra 202;Brusque;SC;MarinaMeloOliveira@dayrep.com;Forend;ohwoo4Xoh;(47) 9798-7662;Silva;01/01/1982;Visa;4,54E+15;258;set/19;358.809.846-13
F;Clara Oliveira;Rua Manoel Renda Salcidos 1129;Poços de Caldas;MG;ClaraSousaOliveira@teleworm.us;Extron1973;ohChai8foh;(35) 5843-3919;Santos;3/30/1973;Visa;4,92E+15;960;jan/19;189.379.455-50
M;Kauê Cavalcanti;Rua Olinto Orsini 844;Belo Horizonte;MG;KaueRibeiroCavalcanti@fleckens.hu;Runduarsted;Een6eed1t;(31) 6956-6844;Azevedo;09/10/1956;Visa;4,93E+15;984;mar/18;709.775.713-27
M;Enzo Cunha;Rua Preludio 141;Belo Horizonte;MG;EnzoBarbosaCunha@jourrapide.com;Eful1957;sah5eRigh;(31) 7636-3979;Martins;03/04/1957;Visa;4,56E+15;233;fev/22;193.967.106-01
M;Antônio Oliveira;Rua dos Correas 840;Joinville;SC;AntonioAzevedoOliveira@jourrapide.com;Seencent;IoKaa0daix4b;(47) 4775-3131;Azevedo;1/17/1997;Visa;4,49E+15;756;mar/22;724.943.926-08
F;Isabela Alves;Rua Vera Cruz 1272;Sabará;MG;IsabelaPereiraAlves@teleworm.us;Worgen83;ohsai9Phoeb;(31) 5835-3229;Lima;06/06/1983;MasterCard;5,54E+15;239;mai/19;813.979.898-31
M;Eduardo Santos;Travessa Primeiro de Maio 1416;Petrolina;PE;EduardoCastroSantos@superrito.com;Taboure;eyaivoY8;(87) 4875-2421;Goncalves;3/25/1932;Visa;4,92E+15;256;mar/20;930.013.783-28
M;Murilo Cavalcanti;Rua Porto Alexandre 1530;São Paulo;SP;MuriloSantosCavalcanti@gustr.com;Memen1940;xooGhee3p;(11) 4183-8458;Martins;08/01/1940;Visa;4,92E+15;311;mar/22;150.357.932-81
M;Guilherme Ribeiro;Quadra SHCGN 712 844;Brasília;DF;GuilhermePintoRibeiro@dayrep.com;Shush1943;nahz7Pe6;(61) 7523-2405;Lima;9/18/1943;MasterCard;5,20E+15;427;dez/18;975.209.827-42
F;Luana Ferreira;Avenida Josefina S. da Soledade 384;Macapá;AP;LuanaCavalcantiFerreira@teleworm.us;Negarace;fohei4uKuva;(96) 8458-4424;Oliveira;06/09/1974;Visa;4,54E+15;325;jan/20;162.648.614-05
M;Luis Castro;Rua Seis 479;Piraquara;PR;LuisOliveiraCastro@superrito.com;Wilip1980;lae2Upieb1ba;(41) 5879-9917;Carvalho;3/31/1980;Visa;4,56E+15;149;ago/20;971.650.525-69
F;Gabrielle Rodrigues;Quadra EQNN 01/03 Bloco F 46;Ceilândia;DF;GabriellePintoRodrigues@einrot.com;Aled1972;Wa8faiPh6Ee;(61) 2091-4692;Martins;9/14/1972;MasterCard;5,36E+15;462;jan/18;738.099.888-98
F;Vitória Cavalcanti;Rua Milton Amorim Carvalho 750;Bauru;SP;VitoriaCunhaCavalcanti@superrito.com;Thenlind;pho0yoh8Ie;(14) 4771-5547;Cardoso;1/21/1951;Visa;4,53E+15;481;set/20;199.530.018-71
M;Pedro Fernandes;Rua Seis 1099;Itaúna;MG;PedroGoncalvesFernandes@gustr.com;Tholuthe;wuG0ianei;(37) 2603-6950;Fernandes;5/29/1972;MasterCard;5,54E+15;234;mai/21;388.082.013-92
M;Leonardo Cavalcanti;Rua Elias Assad Simão 28;São João da Boa Vista;SP;LeonardoCardosoCavalcanti@teleworm.us;Cidew1988;aeSa4iex3c;(19) 8609-6729;Rodrigues;07/03/1988;MasterCard;5,58E+15;257;jun/21;250.768.264-78
M;Vitór Cunha;Avenida Santarém 563;Redenção;PA;VitorBarbosaCunha@armyspy.com;Speould;chah6ohmohX;(94) 3218-4180;Dias;07/12/1974;MasterCard;5,56E+15;527;mai/18;410.110.220-10
M;Alex Lima;Rua Quinze 104;Paulista;PE;AlexFerreiraLima@cuvox.de;Arecistem33;xoa5iuChie;(81) 5959-2302;Lima;5/22/1933;Visa;4,54E+15;209;jul/18;701.401.111-15
M;Gabriel Sousa;Rua Antônio Freire 1187;Vila Velha;ES;GabrielGoncalvesSousa@dayrep.com;Spict1948;Oe3shei6phah;(27) 8475-2389;Sousa;4/28/1948;MasterCard;5,17E+15;489;dez/18;502.787.298-43
F;Sofia Castro;Rua Irmã Zoraide Vieira da Silva 849;Lorena;SP;SofiaMeloCastro@superrito.com;Sournewaid98;eiDeenohf8e;(12) 4455-8923;Castro;9/25/1998;Visa;4,93E+15;128;dez/21;173.498.675-14
M;Antônio Cardoso;Rua Lucílio Reis e Silva 624;Cabo de Santo Agostinho;PE;AntonioRodriguesCardoso@teleworm.us;Himought;ahF0Chai;(81) 2709-3940;Gomes;6/27/1996;MasterCard;5,17E+15;125;ago/18;141.116.808-95
F;Amanda Ribeiro;Rua Áurea Dias Batista dos Santos 757;Sorocaba;SP;AmandaMartinsRibeiro@armyspy.com;Awkwas;eWaevooyuh9;(15) 2705-7515;Fernandes;11/29/1956;MasterCard;5,54E+15;124;out/22;160.376.333-39
F;Bianca Souza;Rua João Rocha 291;Caucaia;CE;BiancaAraujoSouza@einrot.com;Priece1980;aiQu2zou;(85) 5096-6837;Santos;6/25/1980;Visa;4,92E+15;511;out/22;827.899.027-12
F;Emilly Sousa;Rua Arnaldo Lopes 232;Itajaí;SC;EmillyPereiraSousa@einrot.com;Penus1989;Jee7ooju8;(47) 5697-4314;Alves;5/13/1989;MasterCard;5,22E+15;165;mar/21;649.183.240-61
M;Rodrigo Santos;Quadra QNQ 02 Conjunto 22 1335;Ceilândia;DF;RodrigoPereiraSantos@jourrapide.com;Lase1986;Shaqu7oh;(61) 5780-6086;Fernandes;02/05/1986;MasterCard;5,28E+15;501;jul/22;654.629.007-32
M;Miguel Ferreira;Rua Presidente Albano Osório 236;Várzea Grande;MT;MiguelCorreiaFerreira@gustr.com;Owlening;Ani2baet;(65) 9486-7212;Barbosa;10/09/1991;Visa;4,54E+15;905;set/20;129.082.829-68
F;Livia Santos;Rua 104B 9;Goiânia;GO;LiviaCarvalhoSantos@jourrapide.com;Suar1966;gooxoo2Eefei;(62) 2667-2972;Castro;05/11/1966;Visa;4,93E+15;543;abr/18;104.751.790-64
M;Diego Ferreira;Rua Vicente Leite 1861;Fortaleza;CE;DiegoAraujoFerreira@einrot.com;Boweache33;ieNoqu4quae;(85) 6041-7948;Araujo;11/21/1933;MasterCard;5,26E+15;291;fev/21;186.057.157-31
F;Gabriela Fernandes;Rua Fernando Ferrari 1615;Francisco Beltrão;PR;GabrielaPereiraFernandes@einrot.com;Actiumad;ToiX2bie;(46) 3205-9858;Costa;12/13/1987;Visa;4,93E+15;670;fev/20;841.563.996-13
M;Kauan Rodrigues;Rodovia Olegário Ferraz 1485;Araçatuba;SP;KauanSantosRodrigues@fleckens.hu;Youredut;OuSaX7ui6ie;(18) 5417-2288;Ferreira;10/22/1995;MasterCard;5,22E+15;860;mai/22;556.104.025-14
M;Júlio Sousa;Rua Albertino Gonçalves Vieira 1434;Juiz de Fora;MG;JulioAlmeidaSousa@einrot.com;Fortiong;ou2eW0aa9soo;(32) 6006-8376;Correia;02/11/1958;MasterCard;5,38E+15;389;nov/21;260.418.619-52
M;Rafael Pinto;Jardinete Poeta Leonardo Henke 1933;Curitiba;PR;RafaelMeloPinto@rhyta.com;Semnince;JohSh8aer;(41) 7382-5489;Costa;04/09/1988;Visa;4,93E+15;101;jan/19;406.978.659-75
M;Marcos Araujo;Rua do Carmo 1736;Uberaba;MG;MarcosOliveiraAraujo@gustr.com;Pitions;eeNgouN7dae;(34) 2295-7263;Ferreira;6/16/1932;MasterCard;5,59E+15;560;abr/18;739.985.699-01
M;Daniel Azevedo;Rua Um 1275;Almirante Tamandaré;PR;DanielPereiraAzevedo@cuvox.de;Laithy;Gaa5QuaifoS;(41) 4728-8264;Oliveira;1/23/1938;Visa;4,56E+15;865;jan/22;269.439.471-09
F;Amanda Cavalcanti;Rua Itapeura 444;Americana;SP;AmandaRibeiroCavalcanti@armyspy.com;Gired1967;Wieph2fee;(19) 2290-2379;Ribeiro;04/09/1967;MasterCard;5,33E+15;495;mar/18;352.045.582-09
F;Giovana Santos;Rua Afonso Pena 864;Pato Branco;PR;GiovanaCastroSantos@einrot.com;Foophy;Io3hof6xai3;(46) 7038-7307;Pinto;01/08/1939;MasterCard;5,25E+15;541;jul/19;922.736.959-77
F;Livia Fernandes;Rua Itapemirim 635;Uberaba;MG;LiviaSantosFernandes@armyspy.com;Upcome;uashah1Lee;(34) 3055-7874;Pereira;10/21/1937;MasterCard;5,29E+15;310;dez/19;300.427.392-68
F;Isabela Silva;Rua André e Carina 1841;Paulista;PE;IsabelaPintoSilva@gustr.com;Chied1938;jeRai9shah;(81) 8442-4902;Pereira;4/28/1938;Visa;4,56E+15;11;jan/22;474.319.986-78
F;Evelyn Castro;Rua Florianópolis 111;Joinville;SC;EvelynSilvaCastro@jourrapide.com;Ovessever;ohZie7xu2Ae;(47) 4003-5026;Rodrigues;11/14/1993;Visa;4,92E+15;147;jun/20;131.788.981-90
M;Paulo Almeida;Travessa Jerônimo Santana 1295;Ituiutaba;MG;PauloBarbosaAlmeida@fleckens.hu;Priever61;ooXohgh8;(34) 9504-3352;Rodrigues;4/24/1961;Visa;4,72E+15;709;out/19;760.993.364-35
F;Isabelle Gomes;Rua Luiz Lopes Agra 878;Maceió;AL;IsabelleAzevedoGomes@cuvox.de;Arimand;Liequ4dae;(82) 2891-5416;Goncalves;3/19/1964;MasterCard;5,40E+15;251;mar/21;967.494.199-17
M;Fábio Azevedo;Rua Dois 333;Valinhos;SP;FabioGomesAzevedo@cuvox.de;Clee1975;UeF7Yivohg;(19) 7238-2965;Rodrigues;2/20/1975;Visa;4,93E+15;197;mai/21;531.653.032-23
M;Guilherme Fernandes;Rua Pituaçu 935;Salvador;BA;GuilhermeAzevedoFernandes@dayrep.com;Tiness;eisheePhu1;(71) 5182-4474;Goncalves;9/13/1987;MasterCard;5,56E+15;518;jul/22;434.410.065-42
F;Manuela Almeida;Rua Albano José Coelho 1951;São Paulo;SP;ManuelaPintoAlmeida@jourrapide.com;Youshered1950;eL0et7poo6oh;(11) 9305-7914;Pereira;02/03/1950;MasterCard;5,55E+15;335;jul/21;731.120.343-09
F;Leila Ribeiro;Rua Manoel Fernandes Teixeira 1098;Divinópolis;MG;LeilaMeloRibeiro@dayrep.com;Pailikey;ro6Pheepeeg;(37) 4248-7617;Cunha;9/17/1972;MasterCard;5,17E+15;89;abr/18;535.351.392-44
F;Nicole Pinto;Rua Particular 1473;Americana;SP;NicoleAraujoPinto@fleckens.hu;Mattlas;achieMu4sh;(19) 7887-5052;Correia;8/16/1932;Visa;4,54E+15;614;nov/22;170.175.127-58
F;Carolina Fernandes;Travessa Jorge 1805;Rio de Janeiro;RJ;CarolinaAzevedoFernandes@cuvox.de;Famente1967;yaex8Tie;(21) 4895-2026;Cavalcanti;7/29/1967;Visa;4,72E+15;99;jul/18;493.486.070-30
M;Kauã Souza;Rua Hilário Preti 733;Joinville;SC;KauaAzevedoSouza@rhyta.com;Trang1941;RaiB8OoVe0;(47) 4075-7077;Lima;12/02/1941;Visa;4,53E+15;923;mai/21;728.881.964-76
M;Danilo Goncalves;Rodovia Santos Dumont 163;Salto;SP;DaniloFerreiraGoncalves@fleckens.hu;Trory1957;ohmae2isooS;(11) 9282-8473;Alves;07/07/1957;MasterCard;5,14E+15;849;out/19;970.164.896-04
F;Rafaela Souza;Vila Abigail 257;Fortaleza;CE;RafaelaBarbosaSouza@rhyta.com;Sulard;Alie8ieS1;(85) 8958-2146;Silva;12/22/1961;MasterCard;5,42E+15;603;jan/18;808.553.269-72
F;Camila Goncalves;Travessa Yayá de Amorim Coutinho 740;João Pessoa;PB;CamilaMeloGoncalves@dayrep.com;Actursees;aisoo7oiTee;(83) 4343-8300;Ferreira;8/22/1964;MasterCard;5,57E+15;385;ago/20;471.782.122-09
F;Vitória Dias;Avenida Belo Horizonte 1247;Betim;MG;VitoriaGomesDias@teleworm.us;Andounized1975;Ieneeb8Eiw;(31) 8267-4618;Carvalho;7/23/1975;MasterCard;5,12E+15;757;jul/22;587.951.496-00
M;Breno Sousa;Quadra QNP 22 Conjunto P 1879;Ceilândia;DF;BrenoRibeiroSousa@jourrapide.com;Mignate;vool1Noi;(61) 8054-7633;Ribeiro;11/28/1963;MasterCard;5,47E+15;318;jun/22;284.565.979-29
M;Caio Cunha;Alameda Mutum 590;Rio Branco;AC;CaioPintoCunha@jourrapide.com;Coureat;yu8uizuj2Oo;(68) 8409-5316;Cardoso;3/25/1972;MasterCard;5,39E+15;619;abr/20;717.776.573-50
F;Clara Pereira;Rua José Soares de Oliveira 1332;Osasco;SP;ClaraDiasPereira@jourrapide.com;Spectlemeded;Peiso0Oog;(11) 6792-9496;Barbosa;4/22/1997;Visa;4,56E+15;316;mai/22;753.432.373-80
M;Kaua Goncalves;Rua das Gencianas 457;Franco da Rocha;SP;KauaDiasGoncalves@dayrep.com;Aptably;maw8Le5uicoah;(11) 8040-6256;Araujo;11/25/1934;MasterCard;5,43E+15;922;mai/22;874.363.122-35
F;Maria Barros;Rua ST - 008 557;Brusque;SC;MariaCorreiaBarros@einrot.com;Obeen1943;eeghai6Oujai;(47) 8688-8253;Azevedo;3/29/1943;MasterCard;5,40E+15;321;nov/19;486.519.389-85
M;Kai Barbosa;Rua Dois 1064;Feira de Santana;BA;KaiCorreiaBarbosa@gustr.com;Equitiardead;Ooph1Aef;(75) 7395-4138;Barros;01/08/1950;MasterCard;5,10E+15;848;set/18;930.679.663-33
F;Marina Carvalho;Rua Juventino Ferreira de Castro 258;Goiânia;GO;MarinaAlvesCarvalho@cuvox.de;Inineentemed;Withajoh0oo;(62) 9121-3669;Martins;3/26/1944;Visa;4,72E+15;231;jun/19;815.313.487-69
F;Yasmin Martins;Estrada para Bonsucesso 533;São José dos Campos;SP;YasminAlvesMartins@teleworm.us;Givinter;Li3equei;(12) 8955-4257;Martins;07/12/1980;Visa;4,53E+15;265;jul/18;625.389.670-90
M;Arthur Ribeiro;Rua Planalto 1411;Belo Horizonte;MG;ArthurCavalcantiRibeiro@dayrep.com;Exagavied;Eigo6the;(31) 3797-8288;Rocha;7/27/1991;Visa;4,92E+15;331;mai/20;821.332.633-49
F;Mariana Lima;Rua Florestal 970;Serra;ES;MarianaRibeiroLima@jourrapide.com;Liveres38;SuF6xeifae;(27) 5047-6798;Oliveira;8/21/1938;Visa;4,49E+15;882;nov/20;353.872.613-24
M;Fábio Santos;Rua João Mendes 523;Mogi das Cruzes;SP;FabioGoncalvesSantos@cuvox.de;Whatiall;Oong8eiPi;(11) 4098-3675;Rodrigues;9/25/1935;Visa;4,49E+15;866;jul/19;609.370.929-91
F;Giovana Castro;Rua Pontacagi 1139;São Paulo;SP;GiovanaGoncalvesCastro@gustr.com;Therevized;SheuKaeph9th;(11) 5711-9052;Goncalves;8/23/1961;MasterCard;5,40E+15;960;fev/18;690.101.639-54
F;Aline Dias;Travessa Robinson Barraldo 296;Cruz Alta;RS;AlineCostaDias@armyspy.com;Raingerred;Cahthu0co6ee;(55) 7156-8145;Rodrigues;6/26/1995;MasterCard;5,29E+15;182;jan/19;955.725.714-82
M;Vitór Cavalcanti;Rua Modalali Fayad Mansour 1429;Birigüi;SP;VitorMartinsCavalcanti@superrito.com;Seding;Zeer2queevie;(18) 2033-5843;Goncalves;09/08/1954;MasterCard;5,44E+15;426;set/19;854.702.205-83
M;Carlos Lima;Rua Thereza Fontana Alves 333;Curitiba;PR;CarlosRibeiroLima@dayrep.com;Enesuatims35;Im1pee6oo;(41) 9815-9065;Cardoso;04/07/1935;MasterCard;5,30E+15;125;mai/21;299.523.385-54
F;Eduarda Oliveira;Rua Gondim da Fonseca 1824;Rio de Janeiro;RJ;EduardaFernandesOliveira@einrot.com;Seencephe1951;shoe8pua3Ei;(21) 4529-7261;Castro;1/20/1951;Visa;4,49E+15;385;mai/18;716.089.262-30
M;Luis Oliveira;Rua Pirambóia 1558;São Paulo;SP;LuisMeloOliveira@rhyta.com;Abefor;sae9oumahW8;(11) 9238-6285;Souza;10/19/1952;MasterCard;5,12E+15;674;mai/18;702.230.832-24
F;Sofia Gomes;Avenida Irineu José de Souza 314;Vila Velha;ES;SofiaRodriguesGomes@armyspy.com;Fisir1987;aiFai3eil5G;(27) 5231-6385;Carvalho;04/07/1987;MasterCard;5,48E+15;478;jul/22;765.927.688-35
M;Kai Goncalves;Rua João Pienta 1295;Curitiba;PR;KaiAzevedoGoncalves@dayrep.com;Abight;eiV6xeith;(41) 3809-6965;Ferreira;7/15/1965;MasterCard;5,41E+15;153;out/22;661.354.743-32
M;Vinicius Cardoso;Avenida Santo Antônio do Itambé 1416;Ribeirão das Neves;MG;ViniciusRibeiroCardoso@teleworm.us;Andeastras1934;oup9EoshuW;(31) 9172-7266;Carvalho;5/28/1934;Visa;4,93E+15;777;nov/18;363.967.341-76
M;Caio Ferreira;Rua Hélio 1284;Suzano;SP;CaioLimaFerreira@teleworm.us;Plics1995;rae2Eweh3yee;(11) 4952-9674;Lima;7/15/1995;Visa;4,49E+15;570;ago/19;679.799.200-15
M;Samuel Barbosa;Rua Piracicaba 252;Mauá;SP;SamuelAraujoBarbosa@rhyta.com;Hicas1986;ahph4Oone6t;(11) 8676-2432;Martins;09/08/1986;MasterCard;5,42E+15;424;fev/22;733.009.325-48
M;Guilherme Cardoso;Rua Paulo Couto 54;Novo Hamburgo;RS;GuilhermeAzevedoCardoso@einrot.com;Regife;koY2ievii;(51) 7748-4910;Souza;12/26/1957;MasterCard;5,16E+15;713;mai/18;384.114.106-41
F;Lara Cunha;Rua Dezessete-K 909;Volta Redonda;RJ;LaraFernandesCunha@teleworm.us;Waxick;aesah0Shoh;(24) 9928-4950;Cavalcanti;12/02/1985;MasterCard;5,38E+15;700;jul/22;382.212.984-41
F;Giovanna Rodrigues;Rua Ponte Preta 655;Coronel Fabriciano;MG;GiovannaSousaRodrigues@fleckens.hu;Everstaid;Kun3Au1le0N;(31) 5118-6027;Lima;05/06/1961;MasterCard;5,31E+15;366;jan/18;996.440.274-00
M;Mateus Barbosa;Rua Florianópolis 653;Franca;SP;MateusPintoBarbosa@jourrapide.com;Ancence;haiwe5Quae0;(16) 5495-5914;Santos;12/02/1942;MasterCard;5,48E+15;151;mai/21;344.704.410-15
F;Julieta Azevedo;Rua Madre Castro 534;Diadema;SP;JulietaSilvaAzevedo@fleckens.hu;Sking1953;iech6Siod8;(11) 3829-7660;Alves;02/07/1953;MasterCard;5,18E+15;256;jul/19;114.420.978-17
M;João Rocha;Rua Eva Maria de Jesus 461;Campo Grande;MS;JoaoCastroRocha@fleckens.hu;Greplive;iSh5aithae;(67) 2157-8774;Correia;7/23/1979;MasterCard;5,47E+15;451;abr/20;504.517.233-68
M;Alex Lima;Rua R 1654;Itumbiara;GO;AlexAlvesLima@jourrapide.com;Proce1936;bieVi0pae;(64) 9515-7833;Azevedo;1/22/1936;MasterCard;5,16E+15;75;jun/21;665.488.327-60
M;Kauê Melo;Rua Israel 181;Manaus;AM;KaueCavalcantiMelo@fleckens.hu;Reatect1992;Oow5iem8cee;(92) 4657-8539;Lima;2/18/1992;MasterCard;5,48E+15;42;nov/19;393.861.159-64
M;Vitor Ferreira;Rua da Cascata 1666;Santo Ângelo;RS;VitorGomesFerreira@gustr.com;Venly1973;eiPh1aey;(55) 2467-6709;Lima;9/21/1973;Visa;4,56E+15;334;mai/19;430.109.333-80
F;Leila Martins;Rua Sorocaba 1040;Viamão;RS;LeilaFerreiraMartins@superrito.com;Hading37;oKae0chooT3;(51) 6454-9796;Correia;1/27/1937;Visa;4,56E+15;464;jan/18;687.891.096-00
F;Laura Castro;Rua Ignácia Villela Camargo 487;Jaboticabal;SP;LauraGoncalvesCastro@dayrep.com;Abirloyst;Dei1oovahn;(16) 8430-8447;Ribeiro;5/21/1942;MasterCard;5,20E+15;982;abr/18;385.127.498-90
F;Leonor Ribeiro;Rua dos Abacatés 1630;Rio de Janeiro;RJ;LeonorCardosoRibeiro@gustr.com;Nowas1964;Yaezie8ie;(21) 7917-9188;Fernandes;2/17/1964;MasterCard;5,31E+15;174;dez/18;553.862.521-43
M;Antônio Castro;Rua Estevão Facchini 846;São José do Rio Preto;SP;AntonioCostaCastro@rhyta.com;Warailut;Caewo6wie;(17) 8556-8804;Lima;8/19/1990;MasterCard;5,52E+15;381;abr/18;958.445.465-04
F;Clara Carvalho;Rua Adelino Sola 1422;Cambé;PR;ClaraCastroCarvalho@fleckens.hu;Uniagard1977;ahzees2Ee;(43) 9187-8172;Dias;3/17/1977;Visa;4,53E+15;867;jun/21;571.376.596-24
M;Enzo Cavalcanti;Rua Nova Petrópolis 1854;São Leopoldo;RS;EnzoBarbosaCavalcanti@gustr.com;Wiltood;hahra3Peayu;(51) 6456-4914;Lima;5/23/1952;MasterCard;5,55E+15;127;ago/20;722.976.282-00
F;Camila Araujo;Rua Newton Delgado 784;Poços de Caldas;MG;CamilaCunhaAraujo@cuvox.de;Wereave;evae1Foo;(35) 8275-7496;Ribeiro;9/21/1982;Visa;4,92E+15;941;ago/18;374.017.309-28
F;Júlia Silva;Rua Cambara do Sul 1098;Itapecerica da Serra;SP;JuliaMeloSilva@jourrapide.com;Wourt1968;eePh6uze5oh;(11) 2119-6861;Alves;03/11/1968;Visa;4,93E+15;51;out/20;191.518.337-51
M;Leonardo Silva;Estrada do Bongue 854;Piracicaba;SP;LeonardoCostaSilva@jourrapide.com;Efins1981;ieP5chaewite;(19) 4724-8716;Santos;02/05/1981;Visa;4,54E+15;395;dez/21;143.962.374-05
M;Rafael Goncalves;Rua Maritinga 563;Recife;PE;RafaelBarrosGoncalves@einrot.com;Aney1986;shou3Quoh3t;(81) 5815-9268;Cunha;04/01/1986;MasterCard;5,48E+15;957;ago/18;213.904.907-18
M;Samuel Santos;Rua Treze 1887;Montes Claros;MG;SamuelRochaSantos@superrito.com;Fige1959;jahx7Biequ1;(38) 5566-9486;Cavalcanti;04/11/1959;MasterCard;5,59E+15;506;jul/18;885.630.137-77
M;Vitór Pereira;Avenida Padre Chico 1325;Montes Claros;MG;VitorSousaPereira@gustr.com;Stunion;EeLe7ohT;(38) 2359-3772;Dias;7/17/1951;Visa;4,92E+15;903;mai/22;742.375.368-82
F;Livia Santos;Rua Salvador 1610;Coronel Fabriciano;MG;LiviaDiasSantos@armyspy.com;Hadve1932;ooYexum0aeHae;(31) 8632-3776;Cavalcanti;1/31/1932;MasterCard;5,40E+15;370;jan/21;458.304.715-07
M;Carlos Souza;Rua Joana Oliveira 1263;Natal;RN;CarlosAlmeidaSouza@jourrapide.com;Thavervist;eedieyiVo4Aph;(84) 4576-3855;Castro;8/17/1946;MasterCard;5,45E+15;4;fev/18;990.893.754-57
F;Maria Cavalcanti;Rua Serra Caiada 314;Recife;PE;MariaSilvaCavalcanti@superrito.com;Sciespoins;mucai2Jaew8;(81) 5215-8608;Araujo;06/10/1934;MasterCard;5,22E+15;182;jan/21;438.849.327-99
M;Thiago Cardoso;Rua Mafra 623;Criciúma;SC;ThiagoCostaCardoso@gustr.com;Fincureplarl;pheFo4AhG;(48) 9959-3975;Fernandes;01/10/1989;MasterCard;5,16E+15;725;set/21;620.718.837-30
M;Murilo Sousa;Rua PLO 1 1814;Goiânia;GO;MuriloCostaSousa@armyspy.com;Tionat95;othua2uKiech;(62) 5805-5800;Araujo;11/16/1995;Visa;4,92E+15;890;ago/19;570.221.284-30
M;Marcos Alves;Rua Grécia 1709;Itapecerica da Serra;SP;MarcosRibeiroAlves@jourrapide.com;Shelles1941;ii0zaeQu;(11) 7717-9645;Martins;8/14/1941;Visa;4,92E+15;849;abr/18;331.414.040-11
M;Caio Cavalcanti;Rua Franklin Gonçalves Santos 1670;Guarujá;SP;CaioSantosCavalcanti@einrot.com;Prolker65;thie8eeN6oh;(13) 7388-9318;Rocha;06/05/1965;Visa;4,56E+15;372;ago/20;253.850.292-62
F;Sophia Alves;Alameda Gondoleiro do Amor 1666;Itu;SP;SophiaCavalcantiAlves@jourrapide.com;Foref1979;eech5Ki9y;(11) 9446-4858;Dias;08/05/1979;Visa;4,93E+15;818;fev/22;286.458.489-10
F;Isabelle Costa;Rua das Palmas 1379;Bragança Paulista;SP;IsabelleFerreiraCosta@einrot.com;Ficholl;aeBahbair2r;(11) 7270-2146;Carvalho;10/28/1997;MasterCard;5,12E+15;868;jul/19;851.559.011-54
F;Beatriz Barros;Rua Odécia S. Souza 296;Criciúma;SC;BeatrizFerreiraBarros@rhyta.com;Notal1986;ohG1Heexu;(48) 4107-8597;Ribeiro;01/07/1986;MasterCard;5,33E+15;385;abr/22;423.797.709-99
M;Daniel Sousa;Rua Genichi Yabiku 1791;Itapetininga;SP;DanielDiasSousa@rhyta.com;Hasold;ceiYath3r;(15) 3219-2759;Cunha;04/04/1977;MasterCard;5,35E+15;110;out/18;146.624.666-95
M;Fábio Almeida;Rua Antenor Nogueira 906;Teresina;PI;FabioMeloAlmeida@dayrep.com;Prompeat;iy4ooBuxie8;(86) 4321-7285;Silva;8/26/1957;Visa;4,92E+15;669;jan/20;564.147.032-57
M;Nicolas Barbosa;Rua General Hermes 704;Maceió;AL;NicolasLimaBarbosa@teleworm.us;Heally;El8xo4Sa0ooY;(82) 6001-9549;Azevedo;10/04/1933;MasterCard;5,19E+15;664;mai/21;347.797.169-85
M;Luis Ferreira;Rua Doutor José Amaro da Silva 1990;Juiz de Fora;MG;LuisAlvesFerreira@cuvox.de;Scrioned1934;Wahdoo4Enoo;(32) 4641-7191;Ribeiro;8/14/1934;Visa;4,54E+15;532;dez/18;747.741.313-34
M;Breno Correia;Avenida Henrique Valadares 1159;Duque de Caxias;RJ;BrenoPereiraCorreia@rhyta.com;Capassicer;Tei5sie9Ipee;(21) 5265-6071;Barros;02/04/1993;MasterCard;5,30E+15;606;abr/20;740.467.386-00
F;Bianca Ribeiro;Rua F 62 1509;Goiânia;GO;BiancaGomesRibeiro@einrot.com;Camvintat;yeeNgae6ai;(62) 4799-6850;Santos;03/08/1995;MasterCard;5,54E+15;614;fev/18;754.274.560-31
M;Victor Azevedo;Passagem José Homobonos 325;Belém;PA;VictorAlmeidaAzevedo@teleworm.us;Firep1964;sei5ThaV7oh;(91) 4836-8366;Alves;11/19/1964;Visa;4,56E+15;643;jun/18;706.145.351-66
F;Matilde Azevedo;Avenida Martin Cypriem 478;Divinópolis;MG;MatildeBarbosaAzevedo@gustr.com;Someacce;Kaijio2L;(37) 4592-2414;Pereira;06/03/1980;Visa;4,56E+15;887;jul/21;403.890.792-94
F;Larissa Silva;Alameda Trinca Ferro 1892;Ribeirão das Neves;MG;LarissaMeloSilva@gustr.com;Imall1979;Aef9Iemuu;(31) 5704-2884;Ferreira;11/18/1979;MasterCard;5,39E+15;437;jan/21;350.640.277-37
F;Amanda Barros;Rua Césare Massola 596;Jaú;SP;AmandaFerreiraBarros@gustr.com;Woreirsis;iac3Ru3foh;(17) 5593-7378;Goncalves;7/13/1989;MasterCard;5,37E+15;783;nov/21;813.818.765-44
F;Leonor Castro;Rua das Roseiras 129;São Paulo;SP;LeonorDiasCastro@rhyta.com;Kinet1996;Oophohr9;(11) 2477-3445;Gomes;7/19/1996;Visa;4,56E+15;581;out/22;544.862.990-35
F;Rafaela Dias;Rua Francisco Paulo Antunes Viana 811;Guaratinguetá;SP;RafaelaCostaDias@einrot.com;Lort1966;heiPhu3bi;(12) 5288-9787;Martins;5/18/1966;Visa;4,54E+15;622;jan/18;647.914.587-96
M;Renan Costa;Rua Santa Rosa 1852;Suzano;SP;RenanFerreiraCosta@dayrep.com;Wils1996;nuph7Sai;(11) 4311-4488;Alves;11/02/1996;Visa;4,53E+15;931;jun/21;656.252.209-99
M;João Alves;Rua Grécia 841;Tupã;SP;JoaoSousaAlves@rhyta.com;Waxick;izu2ejo8OF;(14) 4626-8332;Lima;1/17/1988;MasterCard;5,27E+15;36;jan/22;452.336.447-89
F;Sophia Oliveira;Rodovia BR-455 1441;Uberlândia;MG;SophiaSantosOliveira@cuvox.de;Thef1998;xuiKee5t;(34) 4404-6063;Silva;01/07/1998;Visa;4,72E+15;668;set/18;395.748.496-00
F;Melissa Rodrigues;Rua Colibri 220;Juazeiro;BA;MelissaMartinsRodrigues@einrot.com;Throas;siaSh2IuR0s;(74) 9166-7145;Cardoso;02/06/1990;MasterCard;5,18E+15;127;fev/18;878.559.588-86
F;Melissa Correia;Rua Vila Henrique Dias 1022;Mesquita;RJ;MelissaMartinsCorreia@fleckens.hu;Pristromer;Im9faona2;(21) 5995-7766;Santos;7/28/1988;Visa;4,56E+15;702;mar/21;741.477.624-76
M;André Barros;Rua Renato Dantas 1729;Rio de Janeiro;RJ;AndreRochaBarros@teleworm.us;Tomentow1954;ahg3Aimeoc;(21) 6254-9894;Silva;07/10/1954;Visa;4,54E+15;716;jul/21;123.143.183-07
F;Brenda Barbosa;Rua 20 201;Gurupi;TO;BrendaCostaBarbosa@cuvox.de;Vineary58;ooYa6Shii0ei;(63) 3715-9781;Ferreira;3/13/1958;MasterCard;5,53E+15;603;nov/22;482.947.461-00
F;Manuela Pinto;Rua E 638;São José dos Campos;SP;ManuelaCavalcantiPinto@rhyta.com;Menturn1956;oopieyeeC7y;(12) 5830-2798;Castro;3/16/1956;Visa;4,93E+15;279;set/20;496.388.964-18
M;Matheus Gomes;Rua da Praia 1373;Salvador;BA;MatheusSilvaGomes@armyspy.com;Haterequiter;Nipheet3;(71) 8152-3996;Martins;10/05/1932;MasterCard;5,32E+15;849;ago/20;380.202.109-62
F;Júlia Oliveira;Estrada da Paciência 35;Niterói;RJ;JuliaCavalcantiOliveira@jourrapide.com;Seemn1959;Vophei8eiF;(21) 3603-9632;Cavalcanti;06/07/1959;Visa;4,93E+15;420;dez/21;712.012.084-08
M;Mateus Barros;Rua Tietê 1174;São Paulo;SP;MateusBarbosaBarros@superrito.com;Nismacre;aitaT9keev9;(11) 8157-9695;Cavalcanti;06/09/1991;MasterCard;5,53E+15;672;abr/20;863.268.800-68
M;Fábio Goncalves;Rua Guilherme Sandeville 1266;São Paulo;SP;FabioMeloGoncalves@teleworm.us;Quich1933;iep9ceiRu6ai;(11) 8675-6652;Silva;05/08/1933;MasterCard;5,50E+15;639;mai/18;511.023.123-04
M;Tiago Barros;Rua Floriano Peixoto Santos 517;São Paulo;SP;TiagoAlmeidaBarros@gustr.com;Whimenturn;Usae4koh;(11) 2030-2129;Sousa;08/05/1979;Visa;4,92E+15;508;jun/21;919.690.490-90
F;Thaís Rocha;Rua Major Clementino Moreira César 1836;Lorena;SP;ThaisSouzaRocha@superrito.com;Stoomaked;Pac8vae1ooj;(12) 6401-2868;Barros;3/22/1970;MasterCard;5,44E+15;435;mar/22;442.172.028-30
F;Vitória Cardoso;Rua Padre João 543;Belém;PA;VitoriaBarrosCardoso@cuvox.de;Splack1961;weeleeF5Sh;(91) 3396-4894;Cavalcanti;5/22/1961;Visa;4,54E+15;599;nov/20;765.750.626-10
M;Gabriel Cardoso;Rua Amorival Gonçalves Almeida 525;Ituiutaba;MG;GabrielSantosCardoso@einrot.com;Fordoon1951;aeD4oogo3;(34) 3153-4649;Ferreira;6/18/1951;Visa;4,72E+15;371;jun/19;744.307.800-56
M;André Dias;Rua Monte Castelo 504;Santa Luzia;MG;AndreGoncalvesDias@jourrapide.com;Vilim1984;Aesu8queew;(31) 3434-9097;Costa;6/13/1984;Visa;4,49E+15;831;set/20;897.768.434-09
F;Raissa Rocha;Rua São Judas Tadeu 542;São José;SC;RaissaCunhaRocha@armyspy.com;Cultalty;NieRo4uiked;(48) 5972-2396;Sousa;9/24/1998;MasterCard;5,50E+15;389;fev/19;819.810.897-13
F;Alice Ferreira;Acesso Professor Elbio Rodrigues 65;Porto Alegre;RS;AliceRochaFerreira@gustr.com;Saince;aeSh9xie;(51) 7418-3124;Goncalves;1/15/1938;Visa;4,93E+15;126;mai/21;367.172.976-70
M;Kai Correia;Rua Leprosário 921;Salvador;BA;KaiSousaCorreia@teleworm.us;Henter;vah9aePhoo;(71) 2630-2977;Rocha;1/19/1977;MasterCard;5,34E+15;871;mai/20;292.433.820-47
M;Kauê Almeida;Servidão Henrique Labes 1803;Itajaí;SC;KaueSantosAlmeida@dayrep.com;Loyarround;Aen1eehoo;(47) 2707-2764;Ferreira;05/08/1947;MasterCard;5,32E+15;389;out/19;187.457.356-54
F;Marisa Barros;Rua Dois 1190;Telêmaco Borba;PR;MarisaDiasBarros@fleckens.hu;Pariginal71;OoYeec2oh;(42) 7361-3080;Pereira;02/11/1971;MasterCard;5,37E+15;768;jul/19;217.545.295-69
F;Sophia Alves;Rua Francisco Gomes Filho 302;Botucatu;SP;SophiaLimaAlves@einrot.com;Togeres;uuphie8Oot;(14) 6210-7889;Castro;08/10/1977;MasterCard;5,39E+15;87;out/22;259.781.825-07
M;Otávio Ribeiro;Rua Doutor Carlos Vidal Oliveira 1810;Santana do Livramento;RS;OtavioSilvaRibeiro@jourrapide.com;Ellonly;eNg4lahw5ie;(55) 3639-2710;Silva;4/26/1952;Visa;4,49E+15;714;set/19;627.281.701-00
M;Murilo Cardoso;Rua José Inglese 1453;São Paulo;SP;MuriloRibeiroCardoso@armyspy.com;Optled;shooNgie4;(11) 3673-9353;Correia;12/09/1984;MasterCard;5,51E+15;720;mai/18;678.137.642-00
F;Gabriela Dias;Alameda 8 1256;Três Lagoas;MS;GabrielaSouzaDias@armyspy.com;Fortal;paer3aiGhai;(67) 5135-9589;Martins;9/25/1976;MasterCard;5,17E+15;338;mai/20;585.483.831-19
F;Thaís Azevedo;Rua Coronel Domingos Quirino Ferreira 1480;São Paulo;SP;ThaisGoncalvesAzevedo@rhyta.com;Abite1935;sisaiz3O;(11) 6367-8895;Almeida;1/29/1935;MasterCard;5,27E+15;544;set/18;184.991.605-57
F;Gabriela Cavalcanti;Quadra QN 03 Área Especial 03 1035;Riacho Fundo;DF;GabrielaMeloCavalcanti@fleckens.hu;Buttept;PhuP8Xeitah;(61) 5055-8776;Ribeiro;07/01/1946;Visa;4,54E+15;764;ago/21;460.321.597-52
M;Kai Ferreira;Rua Campinas 388;Avaré;SP;KaiOliveiraFerreira@gustr.com;Wintralmor;neecai3Qu;(14) 4373-6537;Rodrigues;11/06/1974;MasterCard;5,56E+15;712;nov/19;148.424.394-32
F;Emilly Azevedo;Rua Tiradentes 706;Pelotas;RS;EmillyGoncalvesAzevedo@fleckens.hu;Bropper;Zie2bae5a;(53) 2448-7887;Azevedo;07/03/1991;MasterCard;5,33E+15;64;out/19;446.396.805-46
M;Vinicius Ribeiro;Rua Armando Dias 1607;São Paulo;SP;ViniciusGomesRibeiro@armyspy.com;Fany1987;eNg0zai2eF;(11) 2890-8508;Cunha;9/30/1987;MasterCard;5,50E+15;715;out/21;369.932.746-98
M;Kauan Rocha;Rua Onofrio Lemos 314;Gravataí;RS;KauanGoncalvesRocha@dayrep.com;Hadys1976;xoo4Lis9boh;(51) 5626-2979;Silva;2/28/1976;MasterCard;5,21E+15;314;jan/21;674.114.690-33
M;Davi Correia;Rua Maria José Bonifácio Romualda 325;São Paulo;SP;DaviDiasCorreia@rhyta.com;Fesse1940;IeThit6aimoo;(11) 6118-3748;Sousa;02/12/1940;Visa;4,93E+15;583;fev/21;927.190.212-29
F;Laura Goncalves;Beco Itapuranga 16;Manaus;AM;LauraSousaGoncalves@einrot.com;Thene1934;kuch1AeWee;(92) 3464-9522;Araujo;02/10/1934;MasterCard;5,23E+15;33;jun/22;630.225.894-41
F;Laura Souza;Rua Piauí 419;Tucuruí;PA;LauraBarbosaSouza@jourrapide.com;Exierfirs;PuJeu3aihu;(94) 7279-6578;Castro;1/27/1983;MasterCard;5,20E+15;976;mar/22;607.099.976-20
F;Eduarda Azevedo;Travessa Alberto Barreto 668;Jaboatão dos Guararapes;PE;EduardaMeloAzevedo@superrito.com;Rege1998;phee6OhTh;(81) 7014-6457;Sousa;9/27/1998;MasterCard;5,35E+15;134;jul/19;596.147.916-16
M;Murilo Ferreira;Rua Salvador Mellone 716;Guarulhos;SP;MuriloAraujoFerreira@dayrep.com;Thereaming;Faihudae2;(11) 3975-5425;Fernandes;9/21/1965;MasterCard;5,59E+15;795;jan/22;720.307.620-24
F;Emilly Oliveira;3ª Travessa Carlópolis 1383;Recife;PE;EmillyAlmeidaOliveira@fleckens.hu;Pokentedidly;ieh0Yo8mie;(81) 8834-9542;Carvalho;10/29/1988;Visa;4,93E+15;166;nov/22;269.307.893-80
F;Isabelle Cavalcanti;Rua Fernando Alves Vieira 1920;Uberlândia;MG;IsabelleSousaCavalcanti@rhyta.com;Shor1988;leer1ied2Ae;(34) 6295-3038;Goncalves;10/10/1988;Visa;4,92E+15;434;out/18;966.345.967-00
M;Alex Carvalho;Rua Doutor Moacyr Cabral 1189;São José do Rio Preto;SP;AlexFernandesCarvalho@einrot.com;Affiriplent;Phoh6ba3yeda;(17) 6567-4719;Rocha;9/22/1935;Visa;4,92E+15;360;set/22;289.252.306-07
F;Brenda Carvalho;Avenida Doutor Moura Ribeiro 269;Santos;SP;BrendaFernandesCarvalho@rhyta.com;Ingeng;auSah4phoo;(11) 2316-4757;Gomes;6/13/1932;MasterCard;5,59E+15;720;out/18;171.881.938-27
M;Douglas Melo;Quadra Vinte e Sete 1224;Juazeiro;BA;DouglasAlmeidaMelo@gustr.com;Thetwor;ooNe2Ahc;(74) 2155-2676;Dias;5/26/1938;MasterCard;5,41E+15;262;set/19;796.966.560-84
F;Rebeca Araujo;Rua Agostinho dos Santos 1022;Ribeirão Pires;SP;RebecaCostaAraujo@dayrep.com;Nouldes;Aiw8purau2ai;(16) 3103-5214;Costa;04/10/1977;Visa;4,93E+15;345;set/19;372.652.891-10
M;Arthur Barbosa;Rua Dezessete-B 911;Volta Redonda;RJ;ArthurCunhaBarbosa@jourrapide.com;CÃ¦say;Oongi1ohphi5;(24) 2447-2480;Barros;5/21/1981;MasterCard;5,50E+15;61;jan/18;887.914.332-82
F;Bruna Costa;Rua Inspetor Marcelino 389;Macapá;AP;BrunaAraujoCosta@teleworm.us;Thistur;Yui6Nohpoa;(96) 6315-3581;Silva;5/26/1976;Visa;4,53E+15;145;jan/22;830.033.675-36
M;Danilo Ferreira;Rua Manoel da Silva Carvalho 402;Pindamonhangaba;SP;DaniloRibeiroFerreira@fleckens.hu;Sually;Oor1eif4Te;(12) 9461-3307;Cavalcanti;10/12/1971;Visa;4,56E+15;208;mar/19;458.233.650-71
M;José Santos;Rua Siqueira Campos 1429;Carpina;PE;JoseGomesSantos@cuvox.de;Andle1957;Aipaew2sai2;(81) 9611-9746;Azevedo;3/22/1957;MasterCard;5,38E+15;242;nov/18;363.214.815-56
M;Mateus Araujo;Travessa Wilton de Alvarenga Ribeiro 751;Nilópolis;RJ;MateusAlmeidaAraujo@cuvox.de;Anch1994;Iebeox0ee;(21) 6352-5061;Souza;3/31/1994;MasterCard;5,35E+15;206;jan/20;572.721.735-05
F;Carla Lima;Rua Professor Euclides da Cunha 1921;Florianópolis;SC;CarlaAlmeidaLima@jourrapide.com;Agoing;Tahch8feegh;(48) 6634-3401;Ribeiro;7/15/1940;MasterCard;5,14E+15;430;jun/20;632.369.391-76
M;Miguel Santos;Rua Doutor Benedito Guedes 1471;Aracaju;SE;MiguelCardosoSantos@teleworm.us;Remed1962;bohDaigh7wah;(79) 6679-6558;Rodrigues;8/21/1962;Visa;4,53E+15;459;jun/18;161.896.877-76
F;Mariana Almeida;Rua Alberto Pezuol Neto 884;Suzano;SP;MarianaAraujoAlmeida@fleckens.hu;Wujecove;aa9Eich3ue0;(11) 7462-9594;Cunha;3/26/1958;MasterCard;5,28E+15;302;fev/22;688.969.633-62
M;Vitór Barbosa;Rua Álvaro Leão Carmelo 142;Guarujá;SP;VitorLimaBarbosa@armyspy.com;Frighters;eiv9zix6O;(13) 5480-3768;Carvalho;12/15/1989;Visa;4,54E+15;311;jul/21;491.033.804-75
M;Carlos Oliveira;Rua Vinte e Quatro 255;Porto Alegre;RS;CarlosCorreiaOliveira@armyspy.com;Histell;ool2Uocoolei;(51) 7420-6360;Goncalves;11/10/1948;Visa;4,53E+15;275;fev/20;585.548.450-56
F;Lavinia Dias;Rua Domingos Del'Omo 1528;Sorocaba;SP;LaviniaPintoDias@fleckens.hu;Makentance;Eequ4yaDiec;(15) 6379-5452;Rocha;1/25/1999;MasterCard;5,39E+15;792;fev/21;449.612.076-32
M;Ryan Santos;Rua Areal 1331;Santo André;SP;RyanSouzaSantos@einrot.com;Reaterfecon;Jah0doo9ee;(11) 4700-3460;Silva;01/03/1956;MasterCard;5,38E+15;824;fev/18;836.949.890-64
M;Lucas Sousa;Rua Joel 1848;Anápolis;GO;LucasGoncalvesSousa@cuvox.de;Crent1950;HuMa7Rooc8Ee;(62) 3740-2279;Santos;07/01/1950;MasterCard;5,48E+15;973;out/22;445.775.296-70
M;Kauan Rocha;Quadra 606 Norte Avenida LO 16 1300;Palmas;TO;KauanFernandesRocha@armyspy.com;Bleady;haiL8thah;(63) 8570-8880;Rocha;11/23/1974;Visa;4,56E+15;652;fev/22;130.251.599-36
M;Kauã Goncalves;Rua Cervantes 1675;Porto Alegre;RS;KauaCorreiaGoncalves@armyspy.com;Thouggerve;eeL1teZ5cei;(51) 8870-6880;Lima;07/04/1968;MasterCard;5,40E+15;577;out/18;782.838.632-07
M;Estevan Gomes;Rua Cavalcante 183;Anápolis;GO;EstevanFerreiraGomes@rhyta.com;Shaver;zeish6Ulah5;(62) 6245-5618;Costa;06/12/1964;Visa;4,54E+15;683;abr/18;352.402.392-40
M;Ryan Martins;Rua Líbano 1896;Gravataí;RS;RyanAraujoMartins@einrot.com;Yourrimed;ohN2eeng;(51) 4882-5472;Martins;1/29/1985;MasterCard;5,41E+15;775;out/18;733.574.820-88
F;Evelyn Goncalves;Rua Vereador Valdomiro Cilião de Araújo 1125;Campo Mourão;PR;EvelynSousaGoncalves@teleworm.us;Thatimensfa;ooba4Ju2vu9;(44) 4202-5331;Martins;10/07/1960;MasterCard;5,41E+15;659;set/20;803.908.948-42
M;Vinícius Goncalves;Rua Gaspar Ferrari 1816;Maceió;AL;ViniciusAlmeidaGoncalves@teleworm.us;Froment1937;zi3oigiu6Th;(82) 4694-9382;Alves;12/04/1937;MasterCard;5,14E+15;149;fev/22;265.923.001-32
F;Aline Araujo;Rua Florestal 1253;Serra;ES;AlineRochaAraujo@armyspy.com;Colmilluke;thoh5eex5S;(27) 4684-5999;Rodrigues;07/10/1959;MasterCard;5,22E+15;22;mar/19;905.659.028-65
F;Lavinia Ribeiro;Rua Vinte Um de Junho 994;São José;SC;LaviniaCardosoRibeiro@dayrep.com;Yousbariegs;RuyuLei9;(48) 7895-7869;Alves;12/04/1939;Visa;4,49E+15;280;mar/21;994.765.204-18
M;Vitor Silva;Rua Francisco Rosa 900;Uberaba;MG;VitorRochaSilva@fleckens.hu;Rusequithe;Cuj0lahsol8oo;(34) 5727-5336;Dias;09/05/1957;MasterCard;5,58E+15;508;jan/20;648.209.630-15
F;Thaís Correia;Rua Lisandro Deus de Carvalho 1401;São Luís;MA;ThaisCardosoCorreia@gustr.com;Thercured;pohsh7Xe;(98) 5346-8981;Oliveira;10/28/1963;MasterCard;5,35E+15;924;dez/21;784.415.787-96
F;Ana Cavalcanti;Rua Gilberto Ramos de Azevedo 1705;Guarulhos;SP;AnaSouzaCavalcanti@rhyta.com;Thoubjeside77;Tequae2odi;(11) 8587-7912;Carvalho;1/18/1977;MasterCard;5,25E+15;622;mai/19;894.875.940-00
F;Júlia Oliveira;Rua Viana do Castelo 1814;Rio de Janeiro;RJ;JuliaGomesOliveira@teleworm.us;Thelink;ooxe8Goo;(21) 7368-2937;Lima;07/07/1972;Visa;4,93E+15;263;fev/20;684.160.797-06
F;Gabriela Pinto;Via de Pedestre Atividade 74;São Paulo;SP;GabrielaCastroPinto@dayrep.com;Inihis1937;Deth7rohxoPo;(11) 4043-8361;Carvalho;08/01/1937;Visa;4,93E+15;72;fev/18;298.416.358-36
F;Luana Alves;Rua Virgílio da Conceição 667;Teixeira de Freitas;BA;LuanaCastroAlves@dayrep.com;Aread1982;leer5ohX0z;(73) 2504-7351;Cavalcanti;11/09/1982;Visa;4,72E+15;699;ago/18;169.561.696-06
F;Beatrice Cavalcanti;Acesso E 530;Porto Alegre;RS;BeatriceSouzaCavalcanti@cuvox.de;Trive1945;Ais0ahxahco;(51) 2503-5838;Rodrigues;01/08/1945;MasterCard;5,22E+15;391;fev/18;615.956.471-47
M;Vitor Dias;Travessa José Cunha 1684;Nilópolis;RJ;VitorSousaDias@dayrep.com;Vends1958;eeWooPhu8;(21) 8928-7643;Cunha;5/14/1958;MasterCard;5,22E+15;283;mai/22;749.794.296-45
M;Vitór Castro;Rua Belmiro Braga 231;São Gonçalo;RJ;VitorLimaCastro@cuvox.de;Lacquit98;cieN1iethoh;(21) 2399-8492;Goncalves;04/08/1998;MasterCard;5,43E+15;123;set/22;530.221.199-84
M;Douglas Barbosa;Rua Bandeirante 429;Patos de Minas;MG;DouglasMeloBarbosa@fleckens.hu;Arron1961;naeghuTha0;(34) 9917-4021;Araujo;11/01/1961;Visa;4,56E+15;609;ago/18;704.882.161-25
F;Luiza Sousa;Avenida Irmã Dulce 714;São Paulo;SP;LuizaFernandesSousa@einrot.com;Cater1989;eiN4TeTaoph;(11) 5921-8665;Souza;7/30/1989;MasterCard;5,57E+15;35;jul/19;960.638.849-20
M;Vitor Ferreira;Praça Otto Blaesing 1584;Blumenau;SC;VitorCunhaFerreira@dayrep.com;Coccove;eiGhukeeJ2z;(47) 9681-4823;Fernandes;04/08/1967;MasterCard;5,15E+15;132;fev/21;185.620.299-20
M;Cauã Almeida;Rua Maria Conceição Oliveira Bertrami 430;Tatuí;SP;CauaAzevedoAlmeida@einrot.com;Againcelow;to3oxaG4aig;(15) 6402-7617;Pereira;11/12/1995;Visa;4,53E+15;652;mai/20;800.503.096-76
F;Manuela Costa;Avenida Contorno Bloco 1005 1716;Núcleo Bandeirante;DF;ManuelaAlmeidaCosta@fleckens.hu;Pearom;Eiqu2fei;(61) 3557-7392;Melo;4/22/1969;Visa;4,49E+15;537;out/19;543.606.938-00
M;Luís Dias;Rua Gabriela Mistral 346;Rio de Janeiro;RJ;LuisCunhaDias@superrito.com;Toodn1941;Uew5hei1qu;(21) 4663-3976;Fernandes;12/08/1941;MasterCard;5,46E+15;74;dez/18;898.071.124-78
F;Beatriz Fernandes;Rua Piauí 860;São José dos Campos;SP;BeatrizPereiraFernandes@gustr.com;Jacted;Ek7eiy4aus;(12) 6426-8462;Oliveira;08/04/1999;Visa;4,72E+15;851;dez/18;547.521.227-90
F;Emily Costa;Praça Professora Aurora Palermo 703;Aparecida de Goiânia;GO;EmilyOliveiraCosta@einrot.com;Bused1964;XaCo6dei2;(62) 7267-6447;Castro;10/05/1964;MasterCard;5,21E+15;977;dez/21;638.753.376-70
F;Isabella Santos;Rua Antônio Luís Vieira 1063;São Paulo;SP;IsabellaSousaSantos@teleworm.us;Shadeopleil;Eicheij6ie;(11) 2657-5999;Cavalcanti;9/18/1965;Visa;4,49E+15;654;out/18;370.819.134-07
F;Vitória Almeida;Alameda Moscoso 49;Ananindeua;PA;VitoriaBarrosAlmeida@gustr.com;Plardwitted;joh0auDoh;(91) 3213-7308;Melo;11/27/1942;Visa;4,56E+15;245;jun/19;274.411.565-72
M;Estevan Pinto;Rua 105 1242;Gurupi;TO;EstevanGomesPinto@armyspy.com;Shers1990;quaiCha0cah;(63) 2771-5074;Sousa;12/08/1990;Visa;4,54E+15;256;out/19;163.243.386-90
F;Fernanda Oliveira;Vila Royal 1470;Salvador;BA;FernandaPereiraOliveira@teleworm.us;Pronow;teeK6avoo;(71) 9393-7253;Almeida;8/15/1947;MasterCard;5,24E+15;857;jan/20;342.183.275-72
M;Joao Correia;Rua Juca Fernando 1392;Piracicaba;SP;JoaoPereiraCorreia@teleworm.us;Hitionstog;Aem3oloow0yu;(19) 7467-6013;Rodrigues;2/20/1993;Visa;4,53E+15;517;set/21;995.768.456-61
F;Gabrielly Melo;Viela Guarujá 784;Guarulhos;SP;GabriellyPereiraMelo@rhyta.com;Mostelf1957;HeePhaeju7Oo;(11) 8348-8504;Carvalho;08/11/1957;MasterCard;5,54E+15;953;set/21;588.018.529-08
M;Kai Rodrigues;Travessa Leite 1383;Salvador;BA;KaiMeloRodrigues@gustr.com;Pondne67;Eighoo8qua;(71) 5733-6032;Lima;6/14/1967;Visa;4,53E+15;193;nov/21;610.585.094-89
F;Carolina Gomes;Vila Pero Vaz 794;Salvador;BA;CarolinaAraujoGomes@armyspy.com;Welice;Eelah3Iez;(71) 5157-3429;Souza;5/26/1947;MasterCard;5,35E+15;619;jan/20;354.454.273-07
M;Vinícius Goncalves;Travessa Santa Filomena 538;São Luís;MA;ViniciusOliveiraGoncalves@fleckens.hu;Wiltow;Hamuquaem3o;(98) 4033-9822;Barbosa;12/15/1931;Visa;4,53E+15;344;fev/21;819.010.706-20
M;Estevan Silva;Praça Doutor Lopes Trovão 1359;Porto Alegre;RS;EstevanRochaSilva@jourrapide.com;Sevensis;re9eKunohv7;(51) 4800-7264;Dias;5/27/1988;Visa;4,93E+15;585;dez/19;551.606.449-03
M;Breno Pereira;Rua Quintino Bocaiúva 1920;Lençóis Paulista;SP;BrenoCastroPereira@superrito.com;Knoonts;Iuviebee0;(14) 3299-6600;Almeida;9/25/1943;Visa;4,72E+15;745;nov/19;756.671.587-95
F;Brenda Cardoso;Travessa Professor Antônio Borja 1108;Salvador;BA;BrendaAzevedoCardoso@jourrapide.com;Rothe1965;Xee7nahph;(71) 4485-9459;Azevedo;12/09/1965;MasterCard;5,48E+15;836;fev/20;394.565.452-10
F;Mariana Alves;Rua Raimundo Saboia 460;Fortaleza;CE;MarianaSouzaAlves@superrito.com;Fortiough;Quo8ahW6ei;(85) 4577-5098;Costa;11/02/1969;Visa;4,54E+15;851;ago/20;739.151.792-56
F;Vitoria Dias;Rua Joaquim Ferreira Penteado 1141;Itatiba;SP;VitoriaCastroDias@teleworm.us;Defre1975;pheiGo6bi;(11) 8744-3086;Silva;9/13/1975;Visa;4,54E+15;704;set/20;701.644.000-10
F;Tânia Santos;Travessa São José da Barra 340;Natal;RN;TaniaGomesSantos@jourrapide.com;Hencerel;ahch9ooH8;(84) 8132-3293;Gomes;3/22/1969;Visa;4,92E+15;50;ago/21;944.230.738-03
F;Brenda Castro;Rua Hernandes de Souza 952;Vila Velha;ES;BrendaBarrosCastro@rhyta.com;Trate1949;EeRie4kaez9x;(27) 7411-4128;Azevedo;02/08/1949;Visa;4,54E+15;738;abr/18;873.870.837-03
F;Julieta Correia;Rua Paulicéia 1566;Santa Bárbara D'Oeste;SP;JulietaPereiraCorreia@einrot.com;Ackles52;meifeel3Eesh;(19) 5644-4674;Rocha;11/09/1952;MasterCard;5,37E+15;923;fev/21;386.831.132-72
F;Livia Sousa;Alameda Barros Terra 483;Niterói;RJ;LiviaPereiraSousa@dayrep.com;Nottles1932;eey2aiDie;(21) 7308-6243;Santos;09/10/1932;MasterCard;5,17E+15;514;dez/21;614.905.112-96
F;Isabella Castro;Rua Primeiro de Abril 1674;Belém;PA;IsabellaAlvesCastro@jourrapide.com;Brithessirds1986;hie9Oonoot;(91) 4186-9216;Pinto;12/22/1986;Visa;4,92E+15;339;dez/21;587.423.333-42
F;Vitoria Costa;Rua Senador Dantas 1459;Mogi das Cruzes;SP;VitoriaSousaCosta@einrot.com;Thowas;fae4Aizae;(11) 7262-8281;Cavalcanti;01/12/1959;MasterCard;5,22E+15;126;jun/21;222.768.812-24
M;Carlos Pinto;Avenida Actura 933;Duque de Caxias;RJ;CarlosOliveiraPinto@superrito.com;Spiretur;fahzoo8eeK;(21) 3778-5352;Carvalho;01/06/1936;MasterCard;5,44E+15;636;set/18;299.603.400-74
F;Julia Ribeiro;Quadra QS 306 Bloco 06 1343;Samambaia;DF;JuliaPintoRibeiro@armyspy.com;Hattacte;coor3Ci3ahv;(61) 8256-7214;Pereira;10/13/1972;Visa;4,53E+15;580;ago/21;339.413.833-61
F;Sofia Lima;Rua Alvarenga 1756;Ipatinga;MG;SofiaCorreiaLima@fleckens.hu;Incentoll;oorie5mu7Ie;(31) 4877-4660;Ribeiro;10/12/1947;Visa;4,93E+15;219;set/21;874.635.587-11
M;Arthur Pinto;Rua Edward Martins 504;Sorocaba;SP;ArthurSilvaPinto@einrot.com;Hamprat;Za5ohyaesh;(15) 2757-4383;Sousa;11/06/1961;MasterCard;5,13E+15;972;fev/18;812.195.546-77
M;Diogo Gomes;Praça Octacílio Rodrigues Siqueira 515;Araras;SP;DiogoPereiraGomes@superrito.com;Timust;Leiw8Aj8ai;(19) 2918-2331;Rodrigues;5/16/1993;Visa;4,92E+15;980;jan/21;253.137.407-84
M;Vinicius Cunha;Avenida Guarujá 495;Guarujá;SP;ViniciusCarvalhoCunha@einrot.com;Akes1943;EiCh9Aith;(13) 9395-4654;Melo;07/07/1943;Visa;4,54E+15;720;mai/18;135.235.031-91
F;Leila Correia;Rua Laudelina de Campos Mello 940;Campinas;SP;LeilaAlmeidaCorreia@teleworm.us;Caggrable60;Ahcaesh5kaa;(19) 3084-3683;Martins;05/04/1960;MasterCard;5,53E+15;744;jun/21;857.545.910-47
M;Fábio Correia;Rua Luiz Ramella 287;Marília;SP;FabioCastroCorreia@gustr.com;Glin1969;ieR4ohnge;(14) 8699-2662;Dias;12/06/1969;MasterCard;5,41E+15;854;out/18;823.471.481-33
F;Matilde Barbosa;Avenida Francisco Sá 1306;Fortaleza;CE;MatildeGomesBarbosa@dayrep.com;Floody;woiGh7oo;(85) 7364-3694;Dias;10/12/1945;MasterCard;5,31E+15;890;jul/18;933.507.865-45
M;Kaua Alves;Travessa Saudade 1890;Embu;SP;KauaGomesAlves@fleckens.hu;Onstry;hieJ8eefuugh;(11) 7480-5943;Carvalho;2/27/1954;Visa;4,56E+15;849;abr/21;732.672.505-52
F;Giovana Goncalves;Rua Osvaldo Santini 1109;São José do Rio Preto;SP;GiovanaSouzaGoncalves@fleckens.hu;Aidd1932;aeVeebaith7;(17) 6251-5798;Correia;1/14/1932;Visa;4,54E+15;100;jun/22;623.852.937-73
F;Lara Rodrigues;Rua Aluízio Pereira Esteves 362;Governador Valadares;MG;LaraRochaRodrigues@cuvox.de;Wickly;Ooxaedu7;(33) 9208-8531;Barbosa;3/14/1936;Visa;4,72E+15;305;ago/22;558.410.334-92
F;Gabrielle Santos;Rua Doutor Carlos Ribeiro Filho 675;Itajubá;MG;GabrielleAlmeidaSantos@jourrapide.com;Buls1950;vie6Xoa7;(35) 2885-8488;Barros;05/05/1950;Visa;4,49E+15;489;out/20;261.278.224-91
M;Cauã Souza;Avenida Brasil 1387;Cascavel;PR;CauaCorreiaSouza@rhyta.com;Vinal1983;rie6esheeC7;(45) 2783-8088;Araujo;08/12/1983;MasterCard;5,49E+15;304;dez/19;265.412.783-42
M;Lucas Ribeiro;Rua Rotary Club 351;Araçatuba;SP;LucasPintoRibeiro@teleworm.us;Whords70;kaej4oiF;(18) 6757-2440;Araujo;03/05/1970;Visa;4,72E+15;939;set/22;926.893.911-80
M;Nicolas Ferreira;Rua do Bicudo 1875;Jaboatão dos Guararapes;PE;NicolasPereiraFerreira@teleworm.us;Monesty;Aach1ahx5oo;(81) 6028-3006;Goncalves;06/11/1958;MasterCard;5,26E+15;372;out/18;413.041.299-00
F;Ana Barros;Avenida Marechal Oswaldo Cordeiro de Faria 858;Araraquara;SP;AnaMartinsBarros@rhyta.com;Prooped;Eileik0Ee;(16) 8903-2206;Martins;09/02/1989;Visa;4,53E+15;244;mai/20;395.178.660-46
M;Marcos Dias;Rua Expedicionário Daniel Rodrigues dos Santos 847;São Gonçalo;RJ;MarcosMartinsDias@teleworm.us;Therew;ohquaeB0oh;(21) 8830-3887;Carvalho;11/19/1944;Visa;4,93E+15;106;out/22;220.541.512-38
F;Aline Silva;Rua Jorge Rúbens Neiva de Camargo 1668;São Paulo;SP;AlineGomesSilva@rhyta.com;Doemput;Yuozahshoh8;(11) 3074-9878;Santos;6/15/1997;Visa;4,54E+15;13;abr/21;588.751.913-44
M;Kauan Ferreira;Rua Santo Antônio 785;Ponte Nova;MG;KauanAlvesFerreira@armyspy.com;Jakess;baing8Ohthah;(31) 6398-9164;Barbosa;8/26/1972;Visa;4,92E+15;561;ago/19;650.133.894-88
F;Beatriz Ferreira;Rua Janete 1725;São João de Meriti;RJ;BeatrizRochaFerreira@teleworm.us;Plards;Fi5AiGheBae;(21) 3572-7246;Dias;2/16/1966;Visa;4,56E+15;65;jun/20;489.230.966-44
F;Brenda Barbosa;Rua Estevão Pinheiro 953;São Paulo;SP;BrendaAzevedoBarbosa@einrot.com;Worge1941;Uv1JaeQu7;(11) 2331-7423;Santos;9/25/1941;Visa;4,54E+15;284;jan/19;832.139.982-73
M;Vinícius Lima;Rua Iguaí 944;Salvador;BA;ViniciusAlvesLima@teleworm.us;Themeavoking52;aeMoi1ra;(71) 5646-2577;Alves;9/21/1952;MasterCard;5,25E+15;945;dez/22;189.930.469-05
F;Carla Melo;Rua Butiá 749;Belford Roxo;RJ;CarlaGomesMelo@einrot.com;Rhancen;aeR4nei0quu2;(21) 5352-5096;Rodrigues;3/20/1979;MasterCard;5,20E+15;88;out/18;394.978.605-87
M;Vinicius Almeida;Rua Monsenhor Salim 566;São Paulo;SP;ViniciusBarrosAlmeida@cuvox.de;Thavite;ein4pheCh;(11) 9084-7613;Barbosa;7/24/1958;Visa;4,53E+15;666;mar/22;704.185.465-50
F;Isabela Cardoso;Rua Beija-Flor 1340;Manaus;AM;IsabelaSilvaCardoso@fleckens.hu;Hishmad;paitooG7xah;(92) 9799-8423;Ferreira;06/08/1969;MasterCard;5,21E+15;753;mar/19;534.845.194-01
F;Vitória Souza;Rua Santa Rita 467;Mogi das Cruzes;SP;VitoriaSantosSouza@superrito.com;Ilthaddly;thae9ohsuTh;(11) 5394-8752;Silva;12/08/1966;MasterCard;5,19E+15;815;set/22;383.216.508-80
M;Thiago Martins;Rua Adriana 1014;Belo Horizonte;MG;ThiagoCardosoMartins@dayrep.com;Racrat;ique5Me6;(31) 9740-5799;Cavalcanti;5/13/1977;MasterCard;5,57E+15;809;jul/21;452.933.685-91
F;Camila Silva;Rua Doutor Valério Sobania 209;Araucária;PR;CamilaCardosoSilva@fleckens.hu;Takalond60;lioT9Ih2Wah;(41) 9862-3816;Ferreira;10/27/1960;MasterCard;5,46E+15;384;mar/21;498.510.328-40
F;Isabelle Rocha;Rua Itapaiuna 1451;São Paulo;SP;IsabelleCostaRocha@jourrapide.com;Afteally;Iroc6zae4;(11) 2103-9283;Melo;8/28/1998;Visa;4,54E+15;655;set/22;872.106.711-29
M;Arthur Castro;Rua Cartas Celestes 1356;São Paulo;SP;ArthurCarvalhoCastro@teleworm.us;Himbeyer;ahphie3ahWe;(11) 4993-7499;Carvalho;3/24/1986;Visa;4,93E+15;180;dez/20;248.792.907-34
M;Antônio Goncalves;Rua Alvação 1409;Recife;PE;AntonioCarvalhoGoncalves@teleworm.us;Resits;hu2ruughiB;(81) 8909-4976;Cardoso;1/26/1937;MasterCard;5,26E+15;92;fev/21;524.022.300-96
M;Murilo Lima;Rua Renato Souza Santos 547;Passo Fundo;RS;MuriloDiasLima@jourrapide.com;Proal1990;Nah5Quoo;(54) 3475-6189;Ferreira;12/02/1990;Visa;4,72E+15;790;dez/18;942.783.059-07
M;Luan Melo;Rua Ayrton Senna 1599;Almirante Tamandaré;PR;LuanGomesMelo@superrito.com;Turrearle;Geiwoo4shae;(41) 8270-5833;Castro;5/18/1951;MasterCard;5,55E+15;436;dez/20;226.981.120-85
M;Samuel Carvalho;Rua Guayana 555;Goiânia;GO;SamuelPereiraCarvalho@teleworm.us;Sene1970;Jai2shia3i;(62) 4913-8961;Alves;5/27/1970;Visa;4,49E+15;276;jan/20;387.335.946-43
F;Júlia Rocha;Rua Areia do Rosário 355;São Paulo;SP;JuliaSousaRocha@einrot.com;Sking1948;JaPhie7ah;(11) 9284-5195;Goncalves;09/07/1948;Visa;4,93E+15;139;abr/18;331.802.059-11
F;Bianca Azevedo;Viela São Gonçalo do Abaeté 487;Guarulhos;SP;BiancaBarrosAzevedo@armyspy.com;Toothe;emeima4Au5;(11) 7534-2603;Barros;05/01/1959;Visa;4,53E+15;288;jan/20;168.964.428-16
M;Julian Gomes;Rua Margarida Fátima Braz Gonçalves 515;São Paulo;SP;JulianCavalcantiGomes@fleckens.hu;Surefus;sha1aZie;(11) 5413-8467;Lima;1/20/1932;Visa;4,53E+15;474;jun/21;390.497.943-43
F;Fernanda Cardoso;Rua Íbis 1769;Feira de Santana;BA;FernandaCastroCardoso@gustr.com;Wats1985;pah8ot8Iequ9;(75) 4644-2878;Dias;05/11/1985;MasterCard;5,44E+15;383;nov/19;879.626.017-36
